Old URL,New URL
/request-a-quote,https://www.metnmat.com/quote
/privacy-policy,https://www.metnmat.com/privacy
/case-studies,https://www.metnmat.com/projects
/our-research,https://www.metnmat.com/projects
/our-team,https://www.metnmat.com/about
/home-1,https://www.metnmat.com/
/home-2,https://www.metnmat.com/
/projects-1,https://www.metnmat.com/projects
/shop-1,https://www.metnmat.com/shop
/services-1,https://www.metnmat.com/services
/productinfo,https://www.metnmat.com/shop/all
/shipping,https://www.metnmat.com/replacement-policy
/thank-you,https://www.metnmat.com/
/range-of-analysis,https://www.metnmat.com/services
/applied-researchandconsultancy,https://www.metnmat.com/services#applied-research-consultancy
/product-process-development,https://www.metnmat.com/services#product-process-development
/process-quality-improvement,https://www.metnmat.com/services#process-quality-improvement
/product-benchmarking,https://www.metnmat.com/services#product-benchmarking
/materials-testing,https://www.metnmat.com/services#materials-testing-characterization
/material-processing-facilities,https://www.metnmat.com/services#materials-processing-facilities
/blank,https://www.metnmat.com/quote
/blank-1,https://www.metnmat.com/terms
/blank-3,https://www.metnmat.com/support
/blank-4,https://www.metnmat.com/support
/blank-5,https://www.metnmat.com/support
/product-page/30-ton-hydraulic-press-four-pillar-hand-operated-semi-automatic-model-mhp-30,https://www.metnmat.com/shop/p/30-ton-hydraulic-press-four-pillar-hand-operated-semi-automatic-model
/product-page/400-w-metnmat-fuel-cell-metal-air-battery-testing-device,https://www.metnmat.com/shop/p/fuel-cell-metal-air-battery-testing-device-400-w
/product-page/5-cm-pem-fuel-cell-hardware,https://www.metnmat.com/shop/p/pem-fuel-cell-hardware
/product-page/aluminum-sheet,https://www.metnmat.com/shop/p/aluminum-sheet
/product-page/anion-exchange-membrane-fumasep-faa-3-50-100x100-mm,https://www.metnmat.com/shop/p/fumasep-faa-3-50-anion-exchange-membrane
/product-page/detachable-l-shaped-gold-disk-electrode-φ4mm,https://www.metnmat.com/shop/p/detachable-gold-disk-electrode
/product-page/detachable-l-shaped-platinum-disk-electrode-φ4mm,https://www.metnmat.com/shop/p/detachable-l-shaped-platinum-disk-electrode-4-mm
/product-page/dual-chambered-in-situ-raman-spectroscopy-cell-with-single-light-window,https://www.metnmat.com/shop/p/dual-chambered-in-situ-raman-spectroscopy-cell-with-single-light-windo
/product-page/flow-cell-accessories-mercury-oxide-reference-electrode-hg-hgo-galss-rod-φ4-70,https://www.metnmat.com/shop/p/hg-hgo-reference-electrode-6-70-mm
/product-page/glassy-carbon-electrode-straight-type-ptfe-rod-φ3mm,https://www.metnmat.com/shop/p/glassy-carbon-electrode-straight-type-ptfe-rod
/product-page/gold-disk-electrode-straight-type-ptfe-rod-φ2mm,https://www.metnmat.com/shop/p/detachable-gold-disk-electrode-2-mm-auds
/product-page/graphite-plate-counter-electrode-10-10mm-thickness-3mm,https://www.metnmat.com/shop/p/graphite-counter-electrode
/product-page/graphite-rod-counter-electrode-φ6-120mm,https://www.metnmat.com/shop/p/graphite-rod-counter-electrode-6-80-mm
/product-page/graphite-rod-counter-electrode-φ6-60mm,https://www.metnmat.com/shop/p/graphite-rod-counter-electrode-6-80-mm
/product-page/graphite-rod-counter-electrode-φ6-80mm,https://www.metnmat.com/shop/p/graphite-rod-counter-electrode-6-80-mm
/product-page/high-purity-zinc-sheet,https://www.metnmat.com/shop/p/high-purity-zinc-sheet
/product-page/high-temperature-pem-aem-electrolyzer-hardware,https://www.metnmat.com/shop/p/high-temperature-pem-aem-electrolyzer-hardware
/product-page/hot-press-machine-for-pefc-membrane-electrode-assembly-hydraulic-hot-press-mach,https://www.metnmat.com/shop/p/hot-press-machine-for-pefc-membrane-electrode-assembly-hydraulic-hot-p
/product-page/hydraulic-pressing-machine,https://www.metnmat.com/shop/p/hydraulic-pressing-machine
/product-page/intelligent-peristaltic-pump-dual-channel-working-voltage-dc-24v,https://www.metnmat.com/shop/p/intelligent-peristaltic-pump-dual-channel-dc-24v
/product-page/kamoer-kcp-x-mini-peristaltic-pump-24v-with-control-low-flow-rate-19-65ml-min-ad,https://www.metnmat.com/shop/p/kamoer-kcp-x-mini-peristaltic-pump-24v-19-65-ml-min-with-control
/product-page/kamoer-kcp2-kxf-s08-peristaltic-lab-pump-12v-dc-flow-rate-17-50-ml-min,https://www.metnmat.com/shop/p/kamoer-kcp2-kxf-s08-peristaltic-lab-pump-12v-dc-17-50-ml-min
/product-page/l-shaped-glassy-carbon-electrode-ptfe-rod-φ3mm,https://www.metnmat.com/shop/p/l-shaped-glassy-carbon-disk-working-electrode-3-mm
/product-page/l-shaped-glassy-carbon-electrode-ptfe-rod-φ3mm-1,https://www.metnmat.com/shop/p/l-shaped-glassy-carbon-disk-working-electrode-3-mm
/product-page/lengthened-saturated-calomel-electrode-hg-hg2cl2-φ6-95mm,https://www.metnmat.com/shop/p/saturated-calomel-electrode-hg-hg2cl2
/product-page/manganese-dioxide-nanoparticles,https://www.metnmat.com/shop/p/manganese-dioxide-nanoparticles
/product-page/mercurous-sulfate-reference-electrode-hg-hg2so4,https://www.metnmat.com/shop/p/mercurous-sulfate-reference-electrode-hg-hg2so4
/product-page/mercury-oxide-reference-electrode-hg-hgo-galss-rod-φ6-70mm,https://www.metnmat.com/shop/p/hg-hgo-reference-electrode-6-70-mm
/product-page/mercury-oxide-reference-electrode-hg-hgo-peek-rod-φ4-60mm,https://www.metnmat.com/shop/p/mercury-oxide-reference-electrode-hg-hgo
/product-page/mercury-oxide-reference-electrode-hg-hgo-ptfe-rod-φ6-60mm,https://www.metnmat.com/shop/p/hg-hgo-reference-electrode-6-60-mm
/product-page/microbial-fuel-cell-stack,https://www.metnmat.com/shop/p/microbial-fuel-cell-stack-ma-mfc-5
/product-page/pfsa-proton-exchange-membrane-n115-100x100-mm,https://www.metnmat.com/shop/p/perfluorosulfonic-acid-pfsa-proton-exchange-membrane-n115-pem
/product-page/photovoltaic-biased-photoelectrochemical-cell,https://www.metnmat.com/shop/p/photovoltaic-pv-biased-photoelectrochemical-cell-pec
/product-page/platinum-counter-electrode-with-spring-shaped-pt-wire-electrode-sheath,https://www.metnmat.com/shop/p/platinum-spiral-counter-electrode
/product-page/platinum-disk-electrode-straight-type-ptfe-rod-φ2mm,https://www.metnmat.com/shop/p/detachable-platinum-disk-electrode
/product-page/platinum-mesh-electrode-without-diagonal-reinforcement-10-10mm,https://www.metnmat.com/shop/p/platinum-mesh-counter-electrode-30-30-mm
/product-page/platinum-mesh-electrode-without-diagonal-reinforcement-20-20mm,https://www.metnmat.com/shop/p/platinum-mesh-counter-electrode-30-30-mm
/product-page/platinum-mesh-electrode-without-diagonal-reinforcement-30-30mm,https://www.metnmat.com/shop/p/platinum-mesh-counter-electrode-30-30-mm
/product-page/platinum-sheet-counter-electrode-10-10-0-1mm,https://www.metnmat.com/shop/p/platinum-counter-electrode
/product-page/platinum-sheet-counter-electrode-15-20-0-1mm,https://www.metnmat.com/shop/p/platinum-counter-electrode
/product-page/platinum-sheet-counter-electrode-20-20-0-1mm,https://www.metnmat.com/shop/p/platinum-counter-electrode
/product-page/platinum-sheet-counter-electrode-30-30-0-1mm,https://www.metnmat.com/shop/p/platinum-counter-electrode
/product-page/platinum-wire-counter-electrode-φ0-5-37mm-peek-rod,https://www.metnmat.com/shop/p/platinum-wire-counter-electrode-1-37-mm-ptwk
/product-page/platinum-wire-counter-electrode-φ0-5-37mm-ptfe-rod,https://www.metnmat.com/shop/p/platinum-wire-counter-electrode-1-37-mm
/product-page/platinum-wire-counter-electrode-φ1-37mm-peek-rod,https://www.metnmat.com/shop/p/platinum-wire-counter-electrode-1-37-mm-ptwk
/product-page/platinum-wire-counter-electrode-φ1-37mm-ptfe-rod,https://www.metnmat.com/shop/p/platinum-wire-counter-electrode-1-37-mm
/product-page/platinum-wire-ring-counter-electrode-φ0-5-100mm,https://www.metnmat.com/shop/p/platinum-ring-counter-electrode-0-5-230-mm
/product-page/platinum-wire-ring-counter-electrode-φ0-5-230mm,https://www.metnmat.com/shop/p/platinum-ring-counter-electrode-0-5-230-mm
/product-page/saturated-calomel-electrode-hg-hg2cl2-φ5-75-50mm,https://www.metnmat.com/shop/p/saturated-calomel-electrode-hg-hg2cl2
/product-page/saturated-calomel-electrode-hg-hg2cl2-φ6-70mm,https://www.metnmat.com/shop/p/saturated-calomel-electrode-hg-hg2cl2
/product-page/silver-silver-chloride-ag-agcl-reference-electrode-peek-rod,https://www.metnmat.com/shop/p/silver-silver-chloride-ag-agcl-reference-electrode
/product-page/silver-silver-chloride-ag-agcl-reference-electrode-φ2-4-60mm-glass-rod,https://www.metnmat.com/shop/p/ag-agcl-reference-electrode-6-140-mm
/product-page/silver-silver-chloride-ag-agcl-reference-electrode-φ2-50mm-glass-rod,https://www.metnmat.com/shop/p/ag-agcl-reference-electrode-6-140-mm
/product-page/silver-silver-chloride-ag-agcl-reference-electrode-φ4-50mm-glass-rod,https://www.metnmat.com/shop/p/ag-agcl-reference-electrode-6-140-mm
/product-page/silver-silver-chloride-ag-agcl-reference-electrode-φ4-90mm-glass-rod,https://www.metnmat.com/shop/p/ag-agcl-reference-electrode-6-140-mm
/product-page/silver-silver-chloride-ag-agcl-reference-electrode-φ6-140mm-glass-rod,https://www.metnmat.com/shop/p/ag-agcl-reference-electrode-6-140-mm
/product-page/silver-silver-chloride-ag-agcl-reference-electrode-φ6-70mm-glass-rod,https://www.metnmat.com/shop/p/ag-agcl-reference-electrode-6-140-mm
/product-page/silver-silver-chloride-ag-agcl-reference-electrode-φ6mm-ptfe-rod,https://www.metnmat.com/shop/p/ag-agcl-reference-electrode-6-mm
/product-page/swagelok-battery-test-fixture,https://www.metnmat.com/shop/p/swagelok-battery-test-fixture
/product-page/temperature-controlling-unit,https://www.metnmat.com/shop/p/temperature-controlling-unit
/product-page/titanium-felt-electrode-porous-ti-felt-for-electrochemical-applications-fuel,https://www.metnmat.com/shop/p/titanium-felt-electrode
/product-page/transparent-carbon-dioxide-gas-diffusion-flow-cell,https://www.metnmat.com/shop/p/transparent-carbon-dioxide-gas-diffusion-flow-cell
/product-page/triboelectric-measurement-setup,https://www.metnmat.com/shop/p/triboelectric-measurement-setup
/product-page/vanadium-flow-cell-reactor,https://www.metnmat.com/shop/p/vanadium-flow-cell-reactor
/product-page/zero-gap-electrolyzer-for-carbon-dioxide-reduction,https://www.metnmat.com/shop/p/zero-gap-electrolyzer-for-carbon-dioxide-reduction
